<assembly xmlns="http://maven.apache.org/ASSEMBLY/2.2.0"
  xmlns:xsi="http://www.w3.org/2001/XMLSchema-instance"
  xsi:schemaLocation="http://maven.apache.org/ASSEMBLY/2.2.0 https://maven.apache.org/xsd/assembly-2.2.0.xsd">
  <id>src</id>
  <formats>
    <!-- 
    <format>tar.gz</format>
    <format>tar.bz2</format>
     -->
    <format>zip</format>
  </formats>
  <fileSets>
    <fileSet>
      <directory>${project.basedir}</directory>
      <includes>
        <include>LEAME.txt</include>
        <include>dep.xml</include>
        <include>pom.xml</include>
      </includes>
      <useDefaultExcludes>true</useDefaultExcludes>
    </fileSet>
    <fileSet>
      <directory>${project.basedir}/src</directory>
      <useDefaultExcludes>true</useDefaultExcludes>
    </fileSet>
  </fileSets>
</assembly>